{"balance":67478.06873972602,"profit":3512.068739726027,"lastTime":1774409944094}